{   
    "sensor1":{
        "sensorType":"camera",        
        "input_type":"camera_feed",
        "output_type":"int",
        "data_size":"4",
        "data_rate":"None" 
    },

    "sensor2":{        
        "sensorType":"air",
        "input_type":"air_quality",
        "output_type":"int",
        "data_size":"4",
        "data_rate":"None"
    },

    "sensor3":{
        "sensorType":"audio",
        "input_type":"intensity",
        "output_type":"string",
        "data_size":"5",
        "data_rate":"None"
    },

    "sensor4":{
        "sensorType":"temperature",
        "input_type":"temperature",
        "output_type":"int",
        "data_size":"5",
        "data_rate":"None"
    },

    "sensor5":{
        "sensorType":"signal",
        "input_type":"switch",
        "output_type":"boolean",
        "data_size":"None",
        "data_rate":"None"
    }
}
